{
  "params": {
    "max_depth": 5,
    "learning_rate": 0.10602213465763781,
    "subsample": 0.8987647014661443,
    "colsample_bytree": 0.8241297317797966,
    "min_child_weight": 2,
    "reg_alpha": 0.002193960306254157,
    "reg_lambda": 0.003306104843756275
  },
  "n_estimators": 383,
  "cv_log_loss": 0.4451798356136882,
  "test_metrics": {
    "roc_auc": 0.9740888888888889,
    "log_loss": 0.24608497870400498,
    "brier_score": 0.06331359003215722,
    "accuracy": 0.9533333333333334,
    "precision": 0.9415584415584416,
    "recall": 0.9666666666666667,
    "f1": 0.9539473684210527
  }
}